{"paths": {"admin/js/vendor/select2/i18n/hsb.js": "admin/js/vendor/select2/i18n/hsb.fa3b55265efe.js", "admin/js/vendor/select2/i18n/cs.js": "admin/js/vendor/select2/i18n/cs.4f43e8e7d33a.js", "admin/js/vendor/select2/i18n/ru.js": "admin/js/vendor/select2/i18n/ru.934aa95f5b5f.js", "admin/js/vendor/select2/i18n/de.js": "admin/js/vendor/select2/i18n/de.8a1c222b0204.js", "admin/js/vendor/select2/i18n/hy.js": "admin/js/vendor/select2/i18n/hy.c7babaeef5a6.js", "admin/js/vendor/select2/i18n/es.js": "admin/js/vendor/select2/i18n/es.66dbc2652fb1.js", "admin/js/vendor/select2/i18n/bg.js": "admin/js/vendor/select2/i18n/bg.39b8be30d4f0.js", "admin/js/vendor/select2/i18n/pl.js": "admin/js/vendor/select2/i18n/pl.6031b4f16452.js", "admin/js/vendor/select2/i18n/ca.js": "admin/js/vendor/select2/i18n/ca.a166b745933a.js", "admin/js/vendor/select2/i18n/hi.js": "admin/js/vendor/select2/i18n/hi.70640d41628f.js", "admin/js/vendor/select2/i18n/ka.js": "admin/js/vendor/select2/i18n/ka.2083264a54f0.js", "admin/js/vendor/select2/i18n/dsb.js": "admin/js/vendor/select2/i18n/dsb.56372c92d2f1.js", "admin/js/vendor/select2/i18n/ms.js": "admin/js/vendor/select2/i18n/ms.4ba82c9a51ce.js", "admin/js/vendor/select2/i18n/hr.js": "admin/js/vendor/select2/i18n/hr.a2b092cc1147.js", "admin/js/vendor/select2/i18n/zh-CN.js": "admin/js/vendor/select2/i18n/zh-CN.2cff662ec5f9.js", "admin/js/vendor/select2/i18n/fr.js": "admin/js/vendor/select2/i18n/fr.05e0542fcfe6.js", "admin/js/vendor/select2/i18n/et.js": "admin/js/vendor/select2/i18n/et.2b96fd98289d.js", "admin/js/vendor/select2/i18n/tk.js": "admin/js/vendor/select2/i18n/tk.7c572a68c78f.js", "admin/js/vendor/select2/i18n/sv.js": "admin/js/vendor/select2/i18n/sv.7a9c2f71e777.js", "admin/js/vendor/select2/i18n/id.js": "admin/js/vendor/select2/i18n/id.04debded514d.js", "admin/js/vendor/select2/i18n/az.js": "admin/js/vendor/select2/i18n/az.270c257daf81.js", "admin/js/vendor/select2/i18n/km.js": "admin/js/vendor/select2/i18n/km.c23089cb06ca.js", "admin/js/vendor/select2/i18n/lt.js": "admin/js/vendor/select2/i18n/lt.23c7ce903300.js", "admin/js/vendor/select2/i18n/sl.js": "admin/js/vendor/select2/i18n/sl.131a78bc0752.js", "admin/js/vendor/select2/i18n/da.js": "admin/js/vendor/select2/i18n/da.766346afe4dd.js", "admin/js/vendor/select2/i18n/fa.js": "admin/js/vendor/select2/i18n/fa.3b5bd1961cfd.js", "admin/js/vendor/select2/i18n/ja.js": "admin/js/vendor/select2/i18n/ja.170ae885d74f.js", "admin/js/vendor/select2/i18n/eu.js": "admin/js/vendor/select2/i18n/eu.adfe5c97b72c.js", "admin/js/vendor/select2/i18n/bn.js": "admin/js/vendor/select2/i18n/bn.6d42b4dd5665.js", "admin/js/vendor/select2/i18n/el.js": "admin/js/vendor/select2/i18n/el.27097f071856.js", "admin/js/vendor/select2/i18n/pt-BR.js": "admin/js/vendor/select2/i18n/pt-BR.e1b294433e7f.js", "admin/js/vendor/select2/i18n/tr.js": "admin/js/vendor/select2/i18n/tr.b5a0643d1545.js", "admin/js/vendor/select2/i18n/sk.js": "admin/js/vendor/select2/i18n/sk.33d02cef8d11.js", "admin/js/vendor/select2/i18n/nb.js": "admin/js/vendor/select2/i18n/nb.da2fce143f27.js", "admin/js/vendor/select2/i18n/sr-Cyrl.js": "admin/js/vendor/select2/i18n/sr-Cyrl.f254bb8c4c7c.js", "admin/js/vendor/select2/i18n/th.js": "admin/js/vendor/select2/i18n/th.f38c20b0221b.js", "admin/js/vendor/select2/i18n/sr.js": "admin/js/vendor/select2/i18n/sr.5ed85a48f483.js", "admin/js/vendor/select2/i18n/nl.js": "admin/js/vendor/select2/i18n/nl.997868a37ed8.js", "admin/js/vendor/select2/i18n/sq.js": "admin/js/vendor/select2/i18n/sq.5636b60d29c9.js", "admin/js/vendor/select2/i18n/pt.js": "admin/js/vendor/select2/i18n/pt.33b4a3b44d43.js", "admin/js/vendor/select2/i18n/ps.js": "admin/js/vendor/select2/i18n/ps.38dfa47af9e0.js", "admin/js/vendor/select2/i18n/ro.js": "admin/js/vendor/select2/i18n/ro.f75cb460ec3b.js", "admin/js/vendor/select2/i18n/hu.js": "admin/js/vendor/select2/i18n/hu.6ec6039cb8a3.js", "admin/js/vendor/select2/i18n/vi.js": "admin/js/vendor/select2/i18n/vi.097a5b75b3e1.js", "admin/js/vendor/select2/i18n/lv.js": "admin/js/vendor/select2/i18n/lv.08e62128eac1.js", "admin/js/vendor/select2/i18n/bs.js": "admin/js/vendor/select2/i18n/bs.91624382358e.js", "admin/js/vendor/select2/i18n/en.js": "admin/js/vendor/select2/i18n/en.cf932ba09a98.js", "admin/js/vendor/select2/i18n/uk.js": "admin/js/vendor/select2/i18n/uk.8cede7f4803c.js", "admin/js/vendor/select2/i18n/mk.js": "admin/js/vendor/select2/i18n/mk.dabbb9087130.js", "admin/js/vendor/select2/i18n/ko.js": "admin/js/vendor/select2/i18n/ko.e7be6c20e673.js", "admin/js/vendor/select2/i18n/it.js": "admin/js/vendor/select2/i18n/it.be4fe8d365b5.js", "admin/js/vendor/select2/i18n/is.js": "admin/js/vendor/select2/i18n/is.3ddd9a6a97e9.js", "admin/js/vendor/select2/i18n/gl.js": "admin/js/vendor/select2/i18n/gl.d99b1fedaa86.js", "admin/js/vendor/select2/i18n/he.js": "admin/js/vendor/select2/i18n/he.e420ff6cd3ed.js", "admin/js/vendor/select2/i18n/af.js": "admin/js/vendor/select2/i18n/af.4f6fcd73488c.js", "admin/js/vendor/select2/i18n/fi.js": "admin/js/vendor/select2/i18n/fi.614ec42aa9ba.js", "admin/js/vendor/select2/i18n/zh-TW.js": "admin/js/vendor/select2/i18n/zh-TW.04554a227c2b.js", "admin/js/vendor/select2/i18n/ar.js": "admin/js/vendor/select2/i18n/ar.65aa8e36bf5d.js", "admin/js/vendor/select2/i18n/ne.js": "admin/js/vendor/select2/i18n/ne.3d79fd3f08db.js", "admin/js/vendor/jquery/LICENSE.txt": "admin/js/vendor/jquery/LICENSE.75308107741f.txt", "admin/js/vendor/jquery/jquery.min.js": "admin/js/vendor/jquery/jquery.min.dc5e7f18c8d3.js", "admin/js/vendor/jquery/jquery.js": "admin/js/vendor/jquery/jquery.23c7c5d2d131.js", "admin/js/vendor/select2/select2.full.js": "admin/js/vendor/select2/select2.full.c2afdeda3058.js", "admin/js/vendor/select2/select2.full.min.js": "admin/js/vendor/select2/select2.full.min.fcd7500d8e13.js", "admin/js/vendor/select2/LICENSE.md": "admin/js/vendor/select2/LICENSE.f94142512c91.md", "admin/js/vendor/xregexp/xregexp.min.js": "admin/js/vendor/xregexp/xregexp.min.b0439563a5d3.js", "admin/js/vendor/xregexp/LICENSE.txt": "admin/js/vendor/xregexp/LICENSE.bf79e414957a.txt", "admin/js/vendor/xregexp/xregexp.js": "admin/js/vendor/xregexp/xregexp.efda034b9537.js", "admin/css/vendor/select2/LICENSE-SELECT2.md": "admin/css/vendor/select2/LICENSE-SELECT2.f94142512c91.md", "admin/css/vendor/select2/select2.css": "admin/css/vendor/select2/select2.a2194c262648.css", "admin/css/vendor/select2/select2.min.css": "admin/css/vendor/select2/select2.min.9f54e6414f87.css", "bootstrap-table/export-libs/js-xlsx/xlsx.core.min.js": "bootstrap-table/export-libs/js-xlsx/xlsx.core.min.e7cbe1de0b25.js", "bootstrap-table/export-libs/js-xlsx/LICENSE": "bootstrap-table/export-libs/js-xlsx/LICENSE.28ebd2887523", "bootstrap-table/export-libs/jsPDF-AutoTable/LICENSE.txt": "bootstrap-table/export-libs/jsPDF-AutoTable/LICENSE.731da8b9e9c1.txt", "bootstrap-table/export-libs/jsPDF-AutoTable/jspdf.plugin.autotable.js": "bootstrap-table/export-libs/jsPDF-AutoTable/jspdf.plugin.autotable.7fac1cb8be0b.js", "bootstrap-table/export-libs/jsPDF/MIT-LICENSE.txt": "bootstrap-table/export-libs/jsPDF/MIT-LICENSE.9c546fbfa145.txt", "bootstrap-table/export-libs/jsPDF/jspdf.min.js": "bootstrap-table/export-libs/jsPDF/jspdf.min.add228890a1a.js", "bootstrap-table/export-libs/FileSaver/FileSaver.min.js": "bootstrap-table/export-libs/FileSaver/FileSaver.min.0a84025bee5d.js", "bootstrap-table/export-libs/FileSaver/LICENSE.md": "bootstrap-table/export-libs/FileSaver/LICENSE.4e3ff6c1d69f.md", "bootstrap-table/export-libs/pdfmake/vfs_fonts.js": "bootstrap-table/export-libs/pdfmake/vfs_fonts.d473203fd21c.js", "bootstrap-table/export-libs/pdfmake/pdfmake.min.js": "bootstrap-table/export-libs/pdfmake/pdfmake.min.5f2360c188cd.js", "bootstrap-table/export-libs/pdfmake/mirza_fonts.js": "bootstrap-table/export-libs/pdfmake/mirza_fonts.0793a741208b.js", "bootstrap-table/export-libs/pdfmake/LICENSE": "bootstrap-table/export-libs/pdfmake/LICENSE.c3d0ab1a8c33", "bootstrap-table/export-libs/html2canvas/LICENSE": "bootstrap-table/export-libs/html2canvas/LICENSE.aca7c73b335b", "bootstrap-table/export-libs/html2canvas/html2canvas.min.js": "bootstrap-table/export-libs/html2canvas/html2canvas.min.0e52edb30e4a.js", "bootstrap-table/export-libs/es6-promise/LICENSE": "bootstrap-table/export-libs/es6-promise/LICENSE.6e73e44544d7", "bootstrap-table/export-libs/es6-promise/es6-promise.auto.min.js": "bootstrap-table/export-libs/es6-promise/es6-promise.auto.min.d80e6be80d1a.js", "bootstrap-table/extensions/editable/bootstrap-table-editable.min.js": "bootstrap-table/extensions/editable/bootstrap-table-editable.min.7fc29a4b0cf4.js", "bootstrap-table/extensions/editable/bootstrap-table-editable.js": "bootstrap-table/extensions/editable/bootstrap-table-editable.b0188dcbdaa3.js", "bootstrap-select/js/i18n/defaults-zh_CN.js.map": "bootstrap-select/js/i18n/defaults-zh_CN.js.a3ed7585b1db.map", "bootstrap-select/js/i18n/defaults-zh_CN.min.js": "bootstrap-select/js/i18n/defaults-zh_CN.min.efc11431e0e3.js", "bootstrap-select/js/i18n/defaults-zh_CN.js": "bootstrap-select/js/i18n/defaults-zh_CN.f3ab801b089c.js", "bootstrap-fileinput/js/locales/zh.js": "bootstrap-fileinput/js/locales/zh.6c85899c477a.js", "admin/js/admin/RelatedObjectLookups.js": "admin/js/admin/RelatedObjectLookups.d7e023e6523b.js", "admin/js/admin/DateTimeShortcuts.js": "admin/js/admin/DateTimeShortcuts.29d0b1965c07.js", "admin/img/gis/move_vertex_on.svg": "admin/img/gis/move_vertex_on.0047eba25b67.svg", "admin/img/gis/move_vertex_off.svg": "admin/img/gis/move_vertex_off.7a23bf31ef8a.svg", "bootstrap-table/js/bootstrap-table.min.js": "bootstrap-table/js/bootstrap-table.min.08b81d31997a.js", "bootstrap-table/js/bootstrap-table-export.min.js": "bootstrap-table/js/bootstrap-table-export.min.e034eeb48b0a.js", "bootstrap-table/js/bootstrap-table.min.css": "bootstrap-table/js/bootstrap-table.min.b30487de30d7.css", "bootstrap-table/js/tableExport.min.js": "bootstrap-table/js/tableExport.min.5467062c2b83.js", "bootstrap-table/js/bootstrap-table-zh-CN.min.js": "bootstrap-table/js/bootstrap-table-zh-CN.min.6be0fb21e526.js", "bootstrap-table/css/bootstrap-table.min.css": "bootstrap-table/css/bootstrap-table.min.43fe7881a405.css", "bootstrap-select/js/bootstrap-select.min.js": "bootstrap-select/js/bootstrap-select.min.31f649694651.js", "bootstrap-select/js/bootstrap-select.min.js.map": "bootstrap-select/js/bootstrap-select.min.js.eac5da4f128e.map", "bootstrap-select/js/bootstrap-select.js": "bootstrap-select/js/bootstrap-select.da46d8b9436c.js", "bootstrap-select/js/bootstrap-select.js.map": "bootstrap-select/js/bootstrap-select.js.d2b943cd9c0e.map", "bootstrap-select/css/bootstrap-select.css": "bootstrap-select/css/bootstrap-select.de02e4554a64.css", "bootstrap-select/css/bootstrap-select.min.css": "bootstrap-select/css/bootstrap-select.min.914c57a24247.css", "bootstrap-select/css/bootstrap-select.css.map": "bootstrap-select/css/bootstrap-select.css.7048e380e6aa.map", "metisMenu/js/metisMenu.min.js": "metisMenu/js/metisMenu.min.34b1c6a35b5c.js", "metisMenu/css/metisMenu.min.css": "metisMenu/css/metisMenu.min.54bf14723a02.css", "bootstrap-switch/js/bootstrap-switch.min.js": "bootstrap-switch/js/bootstrap-switch.min.320555440912.js", "bootstrap-switch/css/bootstrap-switch.min.css": "bootstrap-switch/css/bootstrap-switch.min.17fc6e5330ed.css", "daterangepicker/js/daterangepicker.js": "daterangepicker/js/daterangepicker.da8560017609.js", "daterangepicker/js/moment.min.js": "daterangepicker/js/moment.min.88dc09fa98a5.js", "daterangepicker/css/daterangepicker.css": "daterangepicker/css/daterangepicker.c9d158725fa8.css", "bootstrap/js/bootstrap.min.js": "bootstrap/js/bootstrap.min.2f34b630ffe3.js", "bootstrap/js/bootstrap.js": "bootstrap/js/bootstrap.894d79839fac.js", "bootstrap/fonts/glyphicons-halflings-regular.woff": "bootstrap/fonts/glyphicons-halflings-regular.fa2772327f55.woff", "bootstrap/fonts/glyphicons-halflings-regular.eot": "bootstrap/fonts/glyphicons-halflings-regular.f4769f9bdb74.eot", "bootstrap/fonts/glyphicons-halflings-regular.woff2": "bootstrap/fonts/glyphicons-halflings-regular.448c34a56d69.woff2", "bootstrap/fonts/glyphicons-halflings-regular.svg": "bootstrap/fonts/glyphicons-halflings-regular.89889688147b.svg", "bootstrap/fonts/glyphicons-halflings-regular.ttf": "bootstrap/fonts/glyphicons-halflings-regular.e18bbf611f2a.ttf", "bootstrap/css/bootstrap-theme.css.map": "bootstrap/css/bootstrap-theme.css.829aff37a8e1.map", "bootstrap/css/bootstrap-theme.min.css": "bootstrap/css/bootstrap-theme.min.2010fa9fb075.css", "bootstrap/css/bootstrap-theme.min.css.map": "bootstrap/css/bootstrap-theme.min.css.51806092cc05.map", "bootstrap/css/bootstrap.min.css.map": "bootstrap/css/bootstrap.min.css.cafbda9c0e9e.map", "bootstrap/css/bootstrap.css.map": "bootstrap/css/bootstrap.css.ba33e6ee1839.map", "bootstrap/css/bootstrap.min.css": "bootstrap/css/bootstrap.min.eb2644c7646f.css", "bootstrap/css/bootstrap-theme.css": "bootstrap/css/bootstrap-theme.da9549a015c0.css", "bootstrap/css/bootstrap.css": "bootstrap/css/bootstrap.aefedc37294b.css", "datetimepicker/js/bootstrap-datetimepicker.zh-CN.js": "datetimepicker/js/bootstrap-datetimepicker.zh-CN.1c1e7187f0f4.js", "datetimepicker/js/bootstrap-datetimepicker.js": "datetimepicker/js/bootstrap-datetimepicker.137c63b82789.js", "datetimepicker/css/bootstrap-datetimepicker.css": "datetimepicker/css/bootstrap-datetimepicker.6be929e975be.css", "bootstrap-fileinput/js/fileinput.min.js": "bootstrap-fileinput/js/fileinput.min.2997ac9817f6.js", "bootstrap-fileinput/css/fileinput.min.css": "bootstrap-fileinput/css/fileinput.min.075738c4e13c.css", "bootstrap-fileinput/img/loading.gif": "bootstrap-fileinput/img/loading.13630905267b.gif", "ace/snippets/text.js": "ace/snippets/text.b3eda1c949bb.js", "ace/snippets/sql.js": "ace/snippets/sql.97a71d491931.js", "ace/snippets/sqlserver.js": "ace/snippets/sqlserver.4fbe644f85f4.js", "ace/snippets/mysql.js": "ace/snippets/mysql.b7be04bc746b.js", "ace/snippets/pgsql.js": "ace/snippets/pgsql.d058abbf0f0d.js", "dist/js/formatter.js": "dist/js/formatter.baa8c2ba3de0.js", "dist/js/marked.min.js": "dist/js/marked.min.393e6a875968.js", "dist/css/login.css": "dist/css/login.e33510853072.css", "sb-admin-2/js/sb-admin-2.min.js": "sb-admin-2/js/sb-admin-2.min.1a996cc64243.js", "sb-admin-2/js/sb-admin-2.js": "sb-admin-2/js/sb-admin-2.47d9771d7d08.js", "sb-admin-2/css/sb-admin-2.css": "sb-admin-2/css/sb-admin-2.d65ea4dce7f8.css", "sb-admin-2/css/sb-admin-2.min.css": "sb-admin-2/css/sb-admin-2.min.07c8b067e00d.css", "font-awesome/fonts/FontAwesome.otf": "font-awesome/fonts/FontAwesome.5dc41d8fe329.otf", "font-awesome/fonts/fontawesome-webfont.woff": "font-awesome/fonts/fontawesome-webfont.c8ddf1e5e5bf.woff", "font-awesome/fonts/fontawesome-webfont.ttf": "font-awesome/fonts/fontawesome-webfont.1dc35d25e61d.ttf", "font-awesome/fonts/fontawesome-webfont.svg": "font-awesome/fonts/fontawesome-webfont.d7c639084f68.svg", "font-awesome/fonts/fontawesome-webfont.woff2": "font-awesome/fonts/fontawesome-webfont.e6cf7c6ec7c2.woff2", "font-awesome/fonts/fontawesome-webfont.eot": "font-awesome/fonts/fontawesome-webfont.25a32416abee.eot", "font-awesome/css/font-awesome.min.css": "font-awesome/css/font-awesome.min.5339709e9c0e.css", "font-awesome/css/font-awesome.css": "font-awesome/css/font-awesome.96a73333b9c7.css", "bootstrap-editable/js/bootstrap-editable.min.js": "bootstrap-editable/js/bootstrap-editable.min.3a6eeef3fbdb.js", "bootstrap-editable/js/bootstrap-editable.js": "bootstrap-editable/js/bootstrap-editable.48c6c28ec6f8.js", "bootstrap-editable/css/bootstrap-editable.css": "bootstrap-editable/css/bootstrap-editable.ae74dbcc58f3.css", "bootstrap-editable/img/clear.png": "bootstrap-editable/img/clear.f470863024f9.png", "bootstrap-editable/img/loading.gif": "bootstrap-editable/img/loading.7b9776076d5f.gif", "admin/js/urlify.js": "admin/js/urlify.3cabcb7a9073.js", "admin/js/actions.js": "admin/js/actions.9fe89b71cbba.js", "admin/js/prepopulate.js": "admin/js/prepopulate.bd2361dfd64d.js", "admin/js/core.js": "admin/js/core.fae39a43def0.js", "admin/js/jquery.init.js": "admin/js/jquery.init.b7781a0897fc.js", "admin/js/SelectFilter2.js": "admin/js/SelectFilter2.d250dcb52a9a.js", "admin/js/prepopulate_init.js": "admin/js/prepopulate_init.e056047b7a7e.js", "admin/js/prepopulate.min.js": "admin/js/prepopulate.min.5f7f80162256.js", "admin/js/actions.min.js": "admin/js/actions.min.5f3040a29159.js", "admin/js/calendar.js": "admin/js/calendar.b4dcf6f850fe.js", "admin/js/popup_response.js": "admin/js/popup_response.c6cc78ea5551.js", "admin/js/collapse.js": "admin/js/collapse.f84e7410290f.js", "admin/js/inlines.min.js": "admin/js/inlines.min.599e296e4c24.js", "admin/js/nav_sidebar.js": "admin/js/nav_sidebar.7605597ddf52.js", "admin/js/inlines.js": "admin/js/inlines.7596b7fd289e.js", "admin/js/collapse.min.js": "admin/js/collapse.min.10ac29832e2c.js", "admin/js/autocomplete.js": "admin/js/autocomplete.618a7ebf39d8.js", "admin/js/change_form.js": "admin/js/change_form.9d8ca4f96b75.js", "admin/js/SelectBox.js": "admin/js/SelectBox.46d59670a7a7.js", "admin/js/cancel.js": "admin/js/cancel.50e7573ea4a7.js", "admin/fonts/README.txt": "admin/fonts/README.ab99e6b541ea.txt", "admin/fonts/Roboto-Bold-webfont.woff": "admin/fonts/Roboto-Bold-webfont.50d75e48e0a3.woff", "admin/fonts/Roboto-Light-webfont.woff": "admin/fonts/Roboto-Light-webfont.c73eb1ceba33.woff", "admin/fonts/Roboto-Regular-webfont.woff": "admin/fonts/Roboto-Regular-webfont.35b07eb2f871.woff", "admin/fonts/LICENSE.txt": "admin/fonts/LICENSE.d273d63619c9.txt", "admin/css/changelists.css": "admin/css/changelists.09730d6ad169.css", "admin/css/autocomplete.css": "admin/css/autocomplete.781713f30664.css", "admin/css/widgets.css": "admin/css/widgets.b12c020d05e0.css", "admin/css/fonts.css": "admin/css/fonts.168bab448fee.css", "admin/css/responsive.css": "admin/css/responsive.5a9bb635f4d5.css", "admin/css/nav_sidebar.css": "admin/css/nav_sidebar.59831780a474.css", "admin/css/forms.css": "admin/css/forms.6230fc2a74ac.css", "admin/css/base.css": "admin/css/base.efb520c4bb7c.css", "admin/css/responsive_rtl.css": "admin/css/responsive_rtl.e13ae754cceb.css", "admin/css/login.css": "admin/css/login.d2a477e04949.css", "admin/css/rtl.css": "admin/css/rtl.775b89eb85cb.css", "admin/css/dashboard.css": "admin/css/dashboard.be83f13e4369.css", "admin/img/search.svg": "admin/img/search.7cf54ff789c6.svg", "admin/img/README.txt": "admin/img/README.a70711a38d87.txt", "admin/img/icon-viewlink.svg": "admin/img/icon-viewlink.41eb31f7826e.svg", "admin/img/inline-delete.svg": "admin/img/inline-delete.fec1b761f254.svg", "admin/img/icon-unknown-alt.svg": "admin/img/icon-unknown-alt.81536e128bb6.svg", "admin/img/icon-addlink.svg": "admin/img/icon-addlink.d519b3bab011.svg", "admin/img/icon-changelink.svg": "admin/img/icon-changelink.18d2fd706348.svg", "admin/img/icon-no.svg": "admin/img/icon-no.439e821418cd.svg", "admin/img/icon-clock.svg": "admin/img/icon-clock.e1d4dfac3f2b.svg", "admin/img/icon-alert.svg": "admin/img/icon-alert.034cc7d8a67f.svg", "admin/img/calendar-icons.svg": "admin/img/calendar-icons.39b290681a8b.svg", "admin/img/sorting-icons.svg": "admin/img/sorting-icons.3a097b59f104.svg", "admin/img/icon-unknown.svg": "admin/img/icon-unknown.a18cb4398978.svg", "admin/img/selector-icons.svg": "admin/img/selector-icons.b4555096cea2.svg", "admin/img/tooltag-arrowright.svg": "admin/img/tooltag-arrowright.bbfb788a849e.svg", "admin/img/icon-yes.svg": "admin/img/icon-yes.d2f9f035226a.svg", "admin/img/LICENSE": "admin/img/LICENSE.2c54f4e1ca1c", "admin/img/tooltag-add.svg": "admin/img/tooltag-add.e59d620a9742.svg", "admin/img/icon-deletelink.svg": "admin/img/icon-deletelink.564ef9dc3854.svg", "admin/img/icon-calendar.svg": "admin/img/icon-calendar.ac7aea671bea.svg", "sql-formatter/sql-formatter.js": "sql-formatter/sql-formatter.bcce5f95ba84.js", "sql-formatter/sql-formatter.min.js": "sql-formatter/sql-formatter.min.a7ada22cd5a3.js", "jquery/jquery.min.map": "jquery/jquery.min.bae3c738b74d.map", "jquery/jquery.min.js": "jquery/jquery.min.a09e13ee94d5.js", "ace/mode-pgsql.js": "ace/mode-pgsql.67a4fceb0003.js", "ace/mode-mongodb.js": "ace/mode-mongodb.878bebd2ecc6.js", "ace/ace-init.js": "ace/ace-init.484bd1e04d55.js", "ace/mode-sqlserver.js": "ace/mode-sqlserver.b2e8e487d0c1.js", "ace/mode-sql.js": "ace/mode-sql.54a46edae09b.js", "ace/theme-textmate.js": "ace/theme-textmate.7dd99b512d2e.js", "ace/ace.js": "ace/ace.877500abadb3.js", "ace/theme-mongodb.js": "ace/theme-mongodb.cb22fd81eb37.js", "ace/mode-mysql.js": "ace/mode-mysql.4da799f31495.js", "ace/ext-searchbox.js": "ace/ext-searchbox.afbf9ee77627.js", "ace/theme-sqlserver.js": "ace/theme-sqlserver.e3752d73cf45.js", "ace/theme-github.js": "ace/theme-github.2a66bedd7bfb.js", "ace/ext-language_tools.js": "ace/ext-language_tools.2c0a7a89010b.js", "ace/mode-text.js": "ace/mode-text.ba829056e5a8.js", "echarts/echarts.min.js": "echarts/echarts.min.e6c53be1138f.js", "css/basic.css": "css/basic.e9df3782f620.css"}, "version": "1.0"}